MutantNo,[FAIL | TIME | EXC | LIVE]
1,EXC
2,EXC
3,LIVE
4,EXC
5,EXC
6,EXC
7,LIVE
8,EXC
9,LIVE
10,EXC
11,EXC
12,LIVE
13,EXC
14,EXC
15,LIVE
16,EXC
17,EXC
18,EXC
19,LIVE
20,EXC
21,EXC
22,EXC
23,EXC
24,FAIL
25,EXC
26,EXC
27,LIVE
28,LIVE
30,FAIL
31,EXC
32,EXC
33,EXC
34,EXC
35,FAIL
36,EXC
37,EXC
38,FAIL
39,EXC
40,EXC
41,EXC
42,EXC
43,FAIL
44,EXC
45,FAIL
46,LIVE
47,LIVE
48,LIVE
49,TIME
50,LIVE
51,LIVE
52,LIVE
53,LIVE
54,LIVE
55,TIME
56,TIME
57,LIVE
58,LIVE
59,LIVE
60,LIVE
61,FAIL
62,FAIL
63,EXC
64,LIVE
65,EXC
66,LIVE
67,LIVE
81,FAIL
82,LIVE
83,LIVE
84,LIVE
85,LIVE
86,LIVE
88,LIVE
89,LIVE
90,LIVE
91,LIVE
94,LIVE
95,LIVE
96,LIVE
97,LIVE
98,LIVE
99,FAIL
100,LIVE
101,FAIL
102,FAIL
103,LIVE
104,FAIL
105,FAIL
106,FAIL
107,LIVE
108,FAIL
109,LIVE
110,FAIL
111,LIVE
112,FAIL
113,LIVE
114,FAIL
115,LIVE
116,FAIL
117,LIVE
118,FAIL
119,FAIL
120,LIVE
121,LIVE
122,LIVE
123,FAIL
124,EXC
125,LIVE
126,EXC
127,TIME
128,EXC
129,LIVE
130,TIME
131,EXC
132,LIVE
133,EXC
134,EXC
135,LIVE
136,EXC
137,FAIL
138,FAIL
139,EXC
140,LIVE
141,FAIL
142,EXC
143,EXC
144,EXC
145,EXC
146,EXC
147,EXC
148,EXC
149,EXC
150,EXC
151,EXC
152,TIME
153,EXC
154,EXC
155,EXC
156,EXC
157,EXC
158,EXC
159,EXC
160,EXC
161,EXC
162,EXC
163,EXC
164,EXC
165,EXC
166,EXC
167,EXC
168,EXC
169,FAIL
170,EXC
171,EXC
172,FAIL
173,EXC
174,FAIL
175,EXC
176,TIME
179,EXC
180,EXC
181,EXC
182,FAIL
183,EXC
184,EXC
185,EXC
186,LIVE
187,LIVE
188,EXC
189,EXC
190,LIVE
191,LIVE
192,EXC
193,FAIL
194,LIVE
195,LIVE
196,EXC
197,EXC
198,LIVE
199,LIVE
200,EXC
201,FAIL
202,LIVE
203,LIVE
204,FAIL
205,FAIL
206,EXC
207,EXC
209,EXC
210,EXC
211,EXC
212,EXC
213,EXC
214,EXC
215,EXC
216,TIME
217,EXC
223,EXC
224,EXC
225,FAIL
226,EXC
227,FAIL
267,FAIL
268,LIVE
269,LIVE
270,FAIL
271,LIVE
272,LIVE
273,EXC
274,LIVE
275,FAIL
276,EXC
277,LIVE
278,EXC
279,FAIL
280,FAIL
281,FAIL
282,LIVE
283,FAIL
284,FAIL
285,FAIL
286,FAIL
287,FAIL
288,FAIL
289,FAIL
290,FAIL
291,FAIL
292,FAIL
293,FAIL
294,FAIL
295,FAIL
296,FAIL
297,FAIL
298,FAIL
299,FAIL
300,FAIL
301,FAIL
302,FAIL
303,FAIL
304,EXC
305,FAIL
306,LIVE
307,EXC
308,LIVE
309,LIVE
323,FAIL
324,LIVE
325,LIVE
326,LIVE
327,LIVE
328,LIVE
330,LIVE
331,LIVE
332,LIVE
333,LIVE
336,EXC
337,LIVE
338,LIVE
339,LIVE
340,EXC
341,LIVE
342,LIVE
343,FAIL
344,LIVE
345,EXC
346,EXC
347,EXC
348,LIVE
349,FAIL
350,FAIL
351,LIVE
352,FAIL
353,FAIL
354,FAIL
355,FAIL
356,LIVE
357,EXC
358,EXC
359,EXC
360,FAIL
361,EXC
362,EXC
363,EXC
364,LIVE
365,EXC
366,EXC
367,EXC
368,EXC
369,EXC
370,EXC
371,EXC
372,EXC
373,EXC
374,EXC
375,EXC
376,EXC
377,EXC
378,EXC
379,EXC
380,EXC
381,EXC
382,EXC
383,EXC
384,EXC
385,EXC
386,EXC
387,EXC
388,EXC
389,EXC
390,EXC
391,EXC
392,EXC
393,EXC
394,EXC
395,EXC
396,EXC
397,EXC
398,EXC
399,FAIL
400,LIVE
401,LIVE
402,LIVE
403,FAIL
404,FAIL
405,FAIL
406,FAIL
407,FAIL
408,FAIL
409,FAIL
428,LIVE
429,FAIL
430,FAIL
431,FAIL
432,LIVE
433,FAIL
434,LIVE
435,FAIL
436,FAIL
437,FAIL
438,EXC
439,EXC
440,FAIL
441,EXC
442,EXC
443,FAIL
444,EXC
445,LIVE
446,LIVE
447,FAIL
448,FAIL
449,FAIL
450,EXC
451,FAIL
452,FAIL
453,EXC
454,FAIL
455,LIVE
456,FAIL
457,LIVE
458,FAIL
459,FAIL
460,FAIL
461,EXC
462,EXC
463,EXC
464,LIVE
465,EXC
466,EXC
467,FAIL
468,EXC
469,FAIL
470,EXC
471,FAIL
472,EXC
473,LIVE
474,EXC
475,FAIL
476,FAIL
477,FAIL
478,FAIL
479,FAIL
480,EXC
486,EXC
487,LIVE
488,LIVE
489,EXC
491,FAIL
492,FAIL
493,LIVE
494,FAIL
495,FAIL
496,EXC
497,FAIL
498,EXC
499,LIVE
500,FAIL
501,FAIL
502,FAIL
503,LIVE
504,FAIL
505,EXC
506,FAIL
507,EXC
508,FAIL
509,LIVE
510,EXC
511,FAIL
512,FAIL
513,FAIL
514,EXC
515,FAIL
516,FAIL
517,EXC
518,LIVE
519,EXC
520,FAIL
521,EXC
522,FAIL
523,EXC
524,EXC
525,EXC
526,FAIL
527,FAIL
528,EXC
529,FAIL
530,EXC
531,EXC
532,EXC
533,FAIL
534,LIVE
535,EXC
536,FAIL
537,FAIL
538,FAIL
539,EXC
540,FAIL
541,FAIL
542,EXC
543,FAIL
544,FAIL
545,EXC
546,FAIL
547,FAIL
548,FAIL
549,EXC
550,FAIL
551,FAIL
552,EXC
553,FAIL
554,LIVE
555,FAIL
556,FAIL
557,FAIL
558,FAIL
559,EXC
560,LIVE
561,EXC
562,FAIL
563,FAIL
564,EXC
565,LIVE
566,FAIL
567,LIVE
568,FAIL
569,LIVE
570,FAIL
571,LIVE
572,EXC
573,LIVE
576,FAIL
577,FAIL
578,EXC
579,LIVE
580,EXC
581,LIVE
582,EXC
583,LIVE
584,EXC
585,EXC
586,LIVE
587,FAIL
588,FAIL
589,EXC
590,EXC
591,EXC
592,EXC
593,EXC
594,EXC
595,EXC
596,FAIL
597,EXC
598,FAIL
599,FAIL
600,EXC
601,FAIL
602,FAIL
603,EXC
604,LIVE
605,LIVE
606,EXC
607,EXC
608,EXC
609,LIVE
610,EXC
611,LIVE
612,FAIL
613,FAIL
614,LIVE
615,FAIL
616,EXC
627,EXC
628,LIVE
629,LIVE
630,EXC
631,LIVE
632,LIVE
633,LIVE
634,LIVE
648,LIVE
670,FAIL
675,LIVE
676,FAIL
677,LIVE
678,FAIL
679,LIVE
680,LIVE
681,FAIL
682,LIVE
684,LIVE
685,LIVE
686,LIVE
687,FAIL
689,LIVE
690,LIVE
691,LIVE
692,LIVE
693,FAIL
694,LIVE
696,LIVE
698,LIVE
699,LIVE
700,LIVE
701,FAIL
703,LIVE
704,LIVE
705,LIVE
706,LIVE
707,FAIL
708,LIVE
710,LIVE
712,LIVE
713,LIVE
714,LIVE
715,LIVE
716,FAIL
717,FAIL
718,LIVE
719,LIVE
722,LIVE
723,FAIL
724,FAIL
725,EXC
726,LIVE
727,LIVE
728,EXC
729,EXC
730,FAIL
731,FAIL
732,FAIL
733,FAIL
734,EXC
735,FAIL
736,EXC
737,FAIL
738,EXC
739,FAIL
740,FAIL
741,FAIL
742,FAIL
743,EXC
744,LIVE
745,EXC
746,FAIL
747,FAIL
748,FAIL
749,FAIL
750,FAIL
751,FAIL
752,LIVE
753,TIME
758,EXC
759,FAIL
760,FAIL
761,FAIL
762,EXC
763,FAIL
764,EXC
765,EXC
766,LIVE
767,FAIL
768,FAIL
769,EXC
770,TIME
771,EXC
772,EXC
773,EXC
774,TIME
775,FAIL
776,FAIL
777,FAIL
778,LIVE
779,FAIL
780,FAIL
781,FAIL
782,FAIL
783,LIVE
784,LIVE
785,LIVE
786,LIVE
787,FAIL
788,LIVE
789,LIVE
790,LIVE
791,LIVE
792,FAIL
793,LIVE
794,FAIL
795,FAIL
796,LIVE
797,FAIL
798,FAIL
799,FAIL
800,FAIL
801,FAIL
802,FAIL
803,FAIL
804,LIVE
805,FAIL
806,FAIL
807,FAIL
808,FAIL
809,FAIL
810,FAIL
811,LIVE
812,FAIL
813,FAIL
814,FAIL
815,FAIL
816,LIVE
817,FAIL
818,LIVE
819,FAIL
820,FAIL
821,FAIL
822,EXC
823,EXC
824,FAIL
825,FAIL
826,EXC
827,FAIL
828,EXC
829,LIVE
830,EXC
831,FAIL
832,FAIL
833,FAIL
834,LIVE
835,FAIL
836,FAIL
837,FAIL
838,EXC
839,EXC
840,LIVE
841,EXC
842,EXC
843,LIVE
844,FAIL
845,FAIL
846,EXC
847,LIVE
848,FAIL
849,LIVE
850,LIVE
851,FAIL
852,LIVE
853,LIVE
854,LIVE
855,LIVE
856,FAIL
857,LIVE
858,LIVE
859,FAIL
860,FAIL
865,FAIL
866,FAIL
867,LIVE
868,EXC
869,FAIL
870,FAIL
871,FAIL
872,FAIL
873,LIVE
874,LIVE
875,LIVE
876,LIVE
877,LIVE
878,FAIL
879,LIVE
880,EXC
881,EXC
882,FAIL
883,EXC
884,LIVE
885,EXC
886,LIVE
887,EXC
888,EXC
889,FAIL
890,EXC
891,EXC
892,EXC
893,LIVE
894,LIVE
895,LIVE
896,FAIL
897,FAIL
898,FAIL
899,FAIL
900,FAIL
901,FAIL
902,FAIL
903,FAIL
904,EXC
905,FAIL
906,LIVE
907,FAIL
908,FAIL
911,LIVE
912,LIVE
913,FAIL
914,FAIL
915,LIVE
916,FAIL
917,FAIL
921,EXC
922,LIVE
923,LIVE
924,EXC
925,LIVE
926,EXC
927,LIVE
928,LIVE
929,LIVE
930,EXC
931,LIVE
934,EXC
935,EXC
936,FAIL
937,EXC
938,LIVE
939,EXC
940,EXC
941,EXC
942,EXC
943,LIVE
944,EXC
945,EXC
946,EXC
948,LIVE
949,LIVE
950,EXC
951,EXC
952,LIVE
953,EXC
954,EXC
955,LIVE
956,EXC
957,EXC
958,EXC
959,FAIL
960,FAIL
961,FAIL
962,FAIL
963,FAIL
964,LIVE
965,EXC
966,FAIL
967,EXC
968,EXC
969,EXC
970,LIVE
971,LIVE
972,LIVE
973,FAIL
974,FAIL
975,FAIL
976,LIVE
977,LIVE
978,LIVE
979,LIVE
980,LIVE
981,FAIL
983,LIVE
984,LIVE
985,LIVE
986,FAIL
988,FAIL
989,FAIL
990,FAIL
991,FAIL
992,FAIL
993,FAIL
994,FAIL
995,FAIL
996,FAIL
997,EXC
998,FAIL
999,LIVE
1000,EXC
1001,FAIL
1002,FAIL
1003,FAIL
1004,FAIL
1005,FAIL
1006,FAIL
1007,FAIL
1008,FAIL
1009,FAIL
1010,FAIL
1011,FAIL
1012,FAIL
1013,FAIL
1014,LIVE
1015,FAIL
1016,EXC
1017,LIVE
1018,EXC
1019,FAIL
1020,LIVE
1021,FAIL
1022,EXC
1023,LIVE
1024,LIVE
1025,EXC
1026,FAIL
1027,LIVE
1028,LIVE
1029,EXC
1030,LIVE
1031,EXC
1032,FAIL
1033,LIVE
1034,FAIL
1035,EXC
1036,LIVE
1037,FAIL
1038,FAIL
1039,LIVE
1040,LIVE
1041,FAIL
1042,LIVE
1043,EXC
1044,FAIL
1045,EXC
1046,FAIL
1047,LIVE
1048,LIVE
1049,LIVE
1050,FAIL
1051,LIVE
1052,EXC
1053,EXC
1054,FAIL
1055,EXC
1056,FAIL
1057,EXC
1058,LIVE
1059,LIVE
1060,LIVE
1061,LIVE
1062,LIVE
1063,FAIL
1064,TIME
1065,EXC
1066,EXC
1067,LIVE
1068,EXC
1069,FAIL
1070,FAIL
1071,FAIL
1072,FAIL
1073,FAIL
1074,EXC
1075,LIVE
1076,EXC
1078,FAIL
1079,EXC
1080,LIVE
1081,EXC
1082,FAIL
1083,LIVE
1084,LIVE
1085,LIVE
1086,LIVE
1087,FAIL
1088,FAIL
1089,LIVE
1090,FAIL
1091,FAIL
1092,FAIL
1093,EXC
1094,LIVE
1095,EXC
1096,FAIL
1097,LIVE
1098,LIVE
1099,LIVE
1100,LIVE
1101,FAIL
1102,FAIL
1103,FAIL
1104,FAIL
1105,FAIL
1106,FAIL
1107,FAIL
1108,FAIL
1109,EXC
1110,LIVE
1111,FAIL
1112,FAIL
1113,FAIL
1114,FAIL
1115,FAIL
1116,LIVE
1117,FAIL
1118,FAIL
1119,TIME
1120,FAIL
1121,FAIL
1122,FAIL
1123,LIVE
1124,LIVE
1125,LIVE
1126,FAIL
1127,LIVE
1128,FAIL
1129,FAIL
1130,EXC
1131,FAIL
1132,FAIL
1133,FAIL
1134,FAIL
1135,FAIL
1136,FAIL
1137,FAIL
1138,FAIL
1139,LIVE
1140,FAIL
1141,FAIL
1142,FAIL
1143,FAIL
1144,EXC
1145,LIVE
1146,FAIL
1147,LIVE
1148,FAIL
1149,LIVE
1150,EXC
1151,LIVE
1152,FAIL
1153,EXC
1154,EXC
1155,FAIL
1156,EXC
1157,FAIL
1158,FAIL
1159,LIVE
1160,LIVE
1161,FAIL
1162,LIVE
1168,FAIL
1169,EXC
1170,FAIL
1171,FAIL
1172,FAIL
1173,FAIL
1174,FAIL
1175,FAIL
1176,FAIL
1177,LIVE
1178,LIVE
1179,FAIL
1180,LIVE
1181,EXC
1182,EXC
1183,EXC
1184,EXC
1185,EXC
1186,EXC
1187,LIVE
1188,LIVE
1189,EXC
1190,LIVE
1191,EXC
1192,EXC
1193,FAIL
1194,EXC
1195,LIVE
1196,FAIL
1197,LIVE
1198,FAIL
1199,FAIL
1200,FAIL
1201,FAIL
1202,EXC
1203,EXC
1204,EXC
1205,EXC
1206,LIVE
1207,FAIL
1208,FAIL
1209,FAIL
1210,LIVE
1211,FAIL
1212,LIVE
1213,FAIL
1214,FAIL
1215,LIVE
1216,EXC
1217,FAIL
1218,EXC
1219,EXC
1220,FAIL
1221,FAIL
1222,FAIL
1223,LIVE
1224,FAIL
1225,FAIL
1226,LIVE
1227,FAIL
1228,FAIL
1229,LIVE
1230,FAIL
1231,LIVE
1232,FAIL
1233,FAIL
1234,FAIL
1235,FAIL
1236,FAIL
1237,FAIL
1238,FAIL
1239,FAIL
1240,LIVE
1241,FAIL
1242,FAIL
1243,FAIL
1244,LIVE
1245,FAIL
1246,EXC
1247,LIVE
1248,LIVE
1249,LIVE
1250,LIVE
1251,EXC
1252,LIVE
1253,EXC
1254,FAIL
1255,FAIL
1256,LIVE
1259,LIVE
1262,EXC
1263,FAIL
1264,EXC
1265,FAIL
1266,FAIL
1267,FAIL
1268,EXC
1269,LIVE
1270,LIVE
1271,FAIL
1272,FAIL
1273,LIVE
1274,EXC
1275,LIVE
1276,LIVE
1277,LIVE
1278,FAIL
1279,LIVE
1280,EXC
1281,LIVE
1282,LIVE
1285,EXC
1286,EXC
1287,EXC
1288,EXC
1289,LIVE
1290,LIVE
1291,FAIL
1292,LIVE
1293,EXC
1294,EXC
1295,EXC
1296,FAIL
1297,FAIL
1298,FAIL
1299,EXC
1302,LIVE
1303,FAIL
1304,FAIL
1305,EXC
1306,LIVE
1307,FAIL
1308,LIVE
1309,LIVE
1310,EXC
1311,FAIL
1312,EXC
1313,EXC
1314,FAIL
1315,FAIL
1316,FAIL
1317,FAIL
1318,LIVE
1319,FAIL
1320,LIVE
1321,LIVE
1322,TIME
1323,EXC
1324,EXC
1325,EXC
1326,EXC
1327,FAIL
1328,EXC
1329,EXC
1330,EXC
1331,EXC
1332,EXC
1333,LIVE
1334,FAIL
1335,EXC
1336,EXC
1337,EXC
1338,FAIL
1339,FAIL
1340,LIVE
1341,FAIL
1342,FAIL
1343,LIVE
1344,FAIL
1345,FAIL
1346,FAIL
1347,LIVE
1348,FAIL
1349,LIVE
1350,FAIL
1351,FAIL
1352,LIVE
1353,EXC
1354,EXC
1355,EXC
1356,FAIL
1357,EXC
1358,EXC
1359,EXC
1360,FAIL
1361,FAIL
1362,EXC
1363,EXC
1364,FAIL
1365,TIME
1366,EXC
1367,EXC
1368,EXC
1369,FAIL
1370,EXC
1371,FAIL
1372,EXC
1373,FAIL
1374,EXC
1375,FAIL
1376,FAIL
1377,FAIL
1378,FAIL
1379,FAIL
1380,EXC
1381,EXC
1382,EXC
1383,FAIL
1384,EXC
1385,EXC
1386,EXC
1387,EXC
1388,EXC
1389,LIVE
1390,FAIL
1391,EXC
1392,EXC
1393,EXC
1394,EXC
1395,FAIL
1396,EXC
1397,EXC
1398,EXC
1399,EXC
1400,EXC
1401,EXC
1402,FAIL
1403,EXC
1404,EXC
1405,EXC
1406,FAIL
1407,LIVE
1408,LIVE
1409,FAIL
1410,LIVE
1411,EXC
1412,EXC
1413,FAIL
1414,FAIL
1415,FAIL
1416,EXC
1417,EXC
1418,FAIL
1419,EXC
1420,EXC
1421,EXC
1422,EXC
1423,EXC
1424,EXC
1425,LIVE
1426,EXC
1427,FAIL
1428,LIVE
1429,LIVE
1430,LIVE
1431,FAIL
1432,LIVE
1433,LIVE
1434,FAIL
1435,FAIL
1436,FAIL
1437,FAIL
1438,EXC
1439,EXC
1440,FAIL
1441,LIVE
1442,FAIL
1443,FAIL
1444,EXC
1445,FAIL
1446,FAIL
1447,EXC
1448,FAIL
1449,EXC
1450,FAIL
1451,FAIL
1452,FAIL
1453,EXC
1454,EXC
1455,EXC
1456,LIVE
1457,FAIL
1458,EXC
1459,EXC
1460,EXC
1461,LIVE
1462,FAIL
1463,EXC
1464,EXC
1465,EXC
1466,LIVE
1467,FAIL
1468,EXC
1469,EXC
1470,EXC
1471,EXC
1472,EXC
1473,EXC
1474,EXC
1475,EXC
1476,EXC
1477,EXC
1478,EXC
1479,FAIL
1480,FAIL
1481,EXC
1482,FAIL
1483,EXC
1484,FAIL
1485,FAIL
1486,EXC
1487,LIVE
1488,FAIL
1489,EXC
1490,EXC
1491,EXC
1492,LIVE
1493,FAIL
1494,EXC
1495,EXC
1496,EXC
1497,EXC
1498,EXC
1499,EXC
1500,EXC
1501,EXC
1502,EXC
1503,EXC
1504,EXC
1505,EXC
1506,FAIL
1507,EXC
1508,FAIL
1509,EXC
1510,FAIL
1511,EXC
1512,EXC
1513,LIVE
1514,FAIL
1515,EXC
1516,EXC
1517,EXC
1518,LIVE
1519,FAIL
1520,EXC
1521,EXC
1522,EXC
1523,EXC
1524,FAIL
1525,EXC
1526,FAIL
1527,FAIL
1528,EXC
1529,FAIL
1530,EXC
1531,FAIL
1532,EXC
1533,FAIL
1534,EXC
1535,FAIL
1536,EXC
1537,FAIL
1538,FAIL
1539,EXC
1540,LIVE
1541,FAIL
1542,EXC
1543,EXC
1544,EXC
1545,LIVE
1546,FAIL
1547,EXC
1548,EXC
1549,EXC
1550,FAIL
1551,EXC
1552,FAIL
1553,EXC
1554,FAIL
1555,FAIL
1556,EXC
1557,LIVE
1558,EXC
1559,FAIL
1560,FAIL
1561,FAIL
1562,FAIL
1563,FAIL
1564,TIME
1565,LIVE
1566,EXC
1567,FAIL
1568,EXC
1569,FAIL
1570,FAIL
1571,EXC
1572,FAIL
1573,FAIL
1574,EXC
1575,LIVE
1576,FAIL
1577,FAIL
1578,LIVE
1579,FAIL
1580,FAIL
1581,LIVE
1582,FAIL
1583,FAIL
1584,FAIL
1585,LIVE
1586,FAIL
1587,LIVE
1588,TIME
1589,LIVE
1590,FAIL
1591,FAIL
1592,LIVE
1593,FAIL
1594,FAIL
1595,LIVE
1596,FAIL
1597,FAIL
1598,FAIL
1599,EXC
1600,EXC
1601,EXC
1602,FAIL
1603,EXC
1604,EXC
1605,EXC
1606,EXC
1607,EXC
1608,EXC
1609,FAIL
1610,EXC
1611,EXC
1612,EXC
1613,EXC
1614,EXC
1615,LIVE
1616,FAIL
1617,EXC
1618,LIVE
1619,LIVE
1620,FAIL
1621,FAIL
1622,LIVE
1623,FAIL
1624,FAIL
1625,FAIL
1626,TIME
1627,FAIL
1628,FAIL
1629,FAIL
1630,LIVE
1631,FAIL
1632,FAIL
1633,FAIL
1634,LIVE
1635,FAIL
1636,FAIL
1637,FAIL
1638,LIVE
1639,LIVE
1640,FAIL
1641,FAIL
1642,LIVE
1643,LIVE
1644,FAIL
1645,FAIL
1646,FAIL
1647,FAIL
1648,FAIL
1649,FAIL
1650,FAIL
1651,FAIL
1652,EXC
1653,EXC
1654,LIVE
1655,FAIL
1656,EXC
1657,EXC
1658,EXC
1659,EXC
1660,FAIL
1661,EXC
1662,EXC
1663,EXC
1664,LIVE
1665,LIVE
1666,FAIL
1667,FAIL
1668,EXC
1669,EXC
1670,EXC
1671,FAIL
1672,EXC
1673,FAIL
1674,EXC
1675,FAIL
1676,EXC
1677,FAIL
1678,FAIL
1679,FAIL
1680,FAIL
1681,FAIL
1682,FAIL
1683,FAIL
1684,FAIL
1685,EXC
1686,EXC
1687,LIVE
1688,FAIL
1689,EXC
1690,EXC
1691,EXC
1692,LIVE
1693,FAIL
1694,EXC
1695,EXC
1696,EXC
1697,EXC
1698,EXC
1699,LIVE
1700,EXC
1701,EXC
1702,EXC
1703,FAIL
1704,EXC
1705,EXC
1706,EXC
1707,FAIL
1708,EXC
1709,FAIL
1710,EXC
1711,FAIL
1712,EXC
1713,FAIL
1714,LIVE
1715,FAIL
1716,EXC
1717,FAIL
1718,EXC
1719,FAIL
1720,EXC
1721,FAIL
1722,EXC
1723,FAIL
1724,FAIL
1725,FAIL
1726,FAIL
1727,FAIL
1728,FAIL
1729,EXC
1730,LIVE
1731,FAIL
1732,EXC
1733,EXC
1734,EXC
1735,LIVE
1736,FAIL
1737,EXC
1738,EXC
1739,EXC
1740,EXC
1741,FAIL
1742,FAIL
1743,EXC
1744,LIVE
1745,EXC
1746,FAIL
1747,FAIL
1748,EXC
1749,EXC
1750,FAIL
1751,LIVE
1752,EXC
1753,FAIL
1754,FAIL
1755,LIVE
1756,FAIL
1757,EXC
1758,LIVE
1759,FAIL
1760,EXC
1761,EXC
1762,EXC
1763,EXC
1764,EXC
1765,EXC
1766,EXC
1767,EXC
1768,LIVE
1769,LIVE
1770,EXC
1771,LIVE
1772,LIVE
1773,EXC
1774,EXC
1775,EXC
1776,LIVE
1777,LIVE
1778,LIVE
1779,LIVE
1780,LIVE
1781,EXC
1782,EXC
1783,EXC
1784,EXC
1785,EXC
1786,FAIL
1787,EXC
1788,FAIL
1789,EXC
1790,FAIL
1791,EXC
1792,FAIL
1793,FAIL
1794,FAIL
1795,FAIL
1796,FAIL
1797,EXC
1798,FAIL
1799,EXC
1800,EXC
1801,EXC
1802,EXC
1803,EXC
1804,FAIL
1805,EXC
1806,FAIL
1807,EXC
1808,FAIL
1809,EXC
1810,LIVE
1811,EXC
1812,FAIL
1813,LIVE
1814,EXC
1815,FAIL
1816,EXC
1817,EXC
1818,EXC
1819,EXC
1820,EXC
1821,EXC
1822,EXC
1823,EXC
1824,EXC
1825,EXC
1826,FAIL
1827,LIVE
1828,FAIL
1829,EXC
1830,EXC
1831,EXC
1832,EXC
1833,LIVE
1834,FAIL
1835,EXC
1836,LIVE
1837,LIVE
1838,LIVE
1839,FAIL
1840,LIVE
1841,FAIL
1842,EXC
1843,FAIL
1844,FAIL
1845,FAIL
1846,FAIL
1847,FAIL
1848,FAIL
1849,FAIL
1850,FAIL
1851,FAIL
1852,FAIL
1853,EXC
1854,LIVE
1855,FAIL
1856,FAIL
1857,EXC
1858,FAIL
1859,LIVE
1860,LIVE
1861,LIVE
1862,FAIL
1863,LIVE
1864,LIVE
1865,FAIL
1866,FAIL
1867,FAIL
1868,FAIL
1869,FAIL
1870,FAIL
1871,LIVE
1872,FAIL
1873,FAIL
1874,LIVE
1875,EXC
1876,FAIL
1877,LIVE
1878,EXC
1879,FAIL
1880,EXC
1881,FAIL
1882,LIVE
1883,LIVE
1884,FAIL
1885,LIVE
1886,EXC
1887,FAIL
1888,LIVE
1889,EXC
1890,FAIL
1891,LIVE
1892,LIVE
1893,FAIL
1894,EXC
1895,FAIL
1896,FAIL
1897,LIVE
1898,FAIL
1899,FAIL
1900,FAIL
1901,FAIL
1902,FAIL
1903,FAIL
1904,EXC
1905,EXC
1906,FAIL
1907,LIVE
1908,EXC
1909,FAIL
1910,FAIL
1911,LIVE
1912,FAIL
1913,FAIL
1914,EXC
1915,EXC
1916,EXC
1917,LIVE
1918,EXC
1919,EXC
1920,EXC
1921,FAIL
1922,FAIL
1923,FAIL
1924,EXC
1925,EXC
1926,EXC
1927,LIVE
1928,EXC
1929,FAIL
1930,EXC
1931,FAIL
1932,EXC
1933,FAIL
1934,EXC
1935,FAIL
1936,EXC
1937,LIVE
1938,EXC
1939,FAIL
1940,LIVE
1941,FAIL
1942,EXC
1943,EXC
1944,FAIL
1945,FAIL
1946,FAIL
1947,FAIL
1948,EXC
1949,LIVE
1950,EXC
1951,FAIL
1952,FAIL
1953,FAIL
1954,FAIL
1955,FAIL
1956,FAIL
1957,EXC
1958,EXC
1959,FAIL
1960,EXC
1961,LIVE
1962,EXC
1963,FAIL
1964,FAIL
1965,EXC
1966,EXC
1967,EXC
1968,EXC
1969,EXC
1970,EXC
1971,EXC
1972,EXC
1973,FAIL
1974,FAIL
1975,FAIL
1976,FAIL
1977,LIVE
1978,LIVE
1979,FAIL
1980,EXC
1981,EXC
1982,EXC
1983,FAIL
1984,EXC
1985,EXC
1986,FAIL
1987,LIVE
1988,EXC
1989,FAIL
1990,FAIL
1991,LIVE
1992,FAIL
1993,EXC
1994,LIVE
1995,FAIL
1996,EXC
1997,EXC
1998,FAIL
1999,FAIL
2000,EXC
2001,LIVE
2002,FAIL
2003,EXC
2004,EXC
2005,LIVE
2006,EXC
2007,LIVE
2008,LIVE
2009,EXC
2010,LIVE
2011,FAIL
2012,EXC
2013,EXC
2014,LIVE
2015,FAIL
2016,EXC
2017,EXC
2018,EXC
2019,LIVE
2020,LIVE
2021,EXC
2022,FAIL
2023,EXC
2024,FAIL
2025,EXC
2026,EXC
2027,EXC
2028,LIVE
2029,LIVE
2030,EXC
2031,EXC
2032,EXC
2033,FAIL
2034,LIVE
2035,LIVE
2036,FAIL
2037,LIVE
2038,LIVE
2039,LIVE
2040,LIVE
2043,LIVE
2044,LIVE
2045,LIVE
2046,LIVE
2047,LIVE
2048,LIVE
2049,LIVE
2050,LIVE
2051,LIVE
2052,LIVE
2053,LIVE
2054,LIVE
2055,LIVE
2056,EXC
2057,LIVE
2058,LIVE
2059,LIVE
2060,LIVE
2061,LIVE
2062,LIVE
2063,LIVE
2064,LIVE
2065,LIVE
2066,LIVE
2067,LIVE
2068,LIVE
2069,LIVE
2070,LIVE
2071,LIVE
2072,LIVE
2073,LIVE
2074,LIVE
2075,LIVE
2076,LIVE
2077,LIVE
2078,LIVE
2079,LIVE
2080,LIVE
2081,LIVE
2082,EXC
2083,LIVE
2084,LIVE
2085,LIVE
2086,EXC
2087,EXC
2088,EXC
2089,EXC
2090,EXC
2091,LIVE
2092,EXC
2093,LIVE
2096,EXC
2097,EXC
2098,LIVE
2099,LIVE
2100,LIVE
2101,EXC
2102,EXC
2103,EXC
2104,EXC
2105,EXC
2106,LIVE
2107,EXC
2108,LIVE
2109,LIVE
2110,EXC
2111,EXC
2112,EXC
2113,EXC
2114,LIVE
2115,LIVE
2116,EXC
2117,EXC
2118,EXC
2119,FAIL
2120,EXC
2121,EXC
2122,EXC
2124,LIVE
2127,EXC
2128,LIVE
2129,LIVE
2130,LIVE
2131,FAIL
2134,LIVE
2135,LIVE
2136,LIVE
2137,FAIL
2138,LIVE
2139,LIVE
2140,LIVE
2141,LIVE
2142,FAIL
2143,LIVE
2144,FAIL
2145,EXC
2146,FAIL
2147,EXC
2148,FAIL
2149,EXC
2151,FAIL
2153,FAIL
2154,LIVE
2155,FAIL
2156,FAIL
2157,LIVE
2158,FAIL
2159,LIVE
2160,EXC
2161,LIVE
2162,LIVE
2163,LIVE
2164,LIVE
2165,FAIL
2166,LIVE
2167,LIVE
2168,LIVE
2169,FAIL
2170,LIVE
2171,LIVE
2172,LIVE
2173,LIVE
2174,LIVE
2175,FAIL
2176,LIVE
2177,LIVE
2178,LIVE
2179,FAIL
2180,LIVE
2181,LIVE
2182,FAIL
2183,FAIL
2184,FAIL
2185,FAIL
2186,LIVE
2187,FAIL
2188,EXC
2189,FAIL
2190,FAIL
2191,FAIL
2192,FAIL
2193,FAIL
2194,FAIL
2195,LIVE
2198,LIVE
2199,LIVE
2200,LIVE
2201,LIVE
2202,FAIL
2203,FAIL
2204,LIVE
2205,LIVE
2206,FAIL
2207,LIVE
2208,FAIL
2209,LIVE
2210,LIVE
2216,FAIL
2218,FAIL
2254,EXC
2255,EXC
2256,FAIL
2257,LIVE
2258,LIVE
2259,LIVE
2260,LIVE
2261,LIVE
2262,FAIL
2263,LIVE
2264,FAIL
2265,LIVE
2266,FAIL
2267,LIVE
2268,LIVE
2269,EXC
2270,LIVE
2290,LIVE
2291,FAIL
2292,FAIL
2336,FAIL
2337,FAIL
2341,LIVE
2357,FAIL
2358,FAIL
2359,FAIL
2369,FAIL
2370,FAIL
2371,FAIL
2444,LIVE
2445,EXC
2449,LIVE
2450,EXC
2451,EXC
2452,LIVE
2453,LIVE
2457,LIVE
2458,LIVE
2459,EXC
2460,EXC
2461,EXC
2462,LIVE
2463,LIVE
2464,LIVE
2465,LIVE
2466,LIVE
2467,LIVE
2468,LIVE
2469,LIVE
2470,LIVE
2471,LIVE
2472,LIVE
2473,LIVE
2474,LIVE
2475,FAIL
2476,LIVE
2477,FAIL
2478,LIVE
2479,LIVE
2480,LIVE
2482,LIVE
2485,FAIL
2487,FAIL
2488,LIVE
2489,LIVE
2490,FAIL
2491,FAIL
2492,FAIL
2493,FAIL
2494,LIVE
2495,FAIL
2496,FAIL
2497,LIVE
2498,LIVE
2499,FAIL
2500,FAIL
2501,FAIL
2502,LIVE
2503,FAIL
2504,FAIL
2505,FAIL
2506,FAIL
2507,FAIL
2508,TIME
2509,FAIL
2510,EXC
2511,LIVE
2512,EXC
2513,EXC
2514,FAIL
2515,FAIL
2516,FAIL
2517,LIVE
2524,LIVE
2525,LIVE
2526,LIVE
2527,LIVE
2528,LIVE
2530,EXC
2531,LIVE
2532,LIVE
2533,LIVE
2534,EXC
2535,LIVE
2536,LIVE
2537,EXC
2538,EXC
2539,FAIL
2540,EXC
2541,FAIL
2542,EXC
2543,FAIL
2544,EXC
2545,FAIL
2546,EXC
2547,FAIL
2548,EXC
2549,FAIL
2550,EXC
2551,FAIL
2552,EXC
2553,FAIL
2554,EXC
2555,FAIL
2556,EXC
2557,FAIL
2558,EXC
2559,FAIL
2560,EXC
2561,FAIL
2562,EXC
2563,FAIL
2564,EXC
2565,EXC
2566,EXC
2567,EXC
2568,LIVE
2569,EXC
2570,EXC
2571,FAIL
2572,EXC
2573,EXC
2574,EXC
2575,LIVE
2576,EXC
2577,EXC
2578,FAIL
2579,EXC
2580,EXC
2581,EXC
2582,LIVE
2583,EXC
2584,EXC
2585,FAIL
2586,FAIL
2587,LIVE
2588,EXC
2589,LIVE
2590,EXC
2591,EXC
2592,FAIL
2593,LIVE
2594,LIVE
2595,EXC
2596,FAIL
2597,LIVE
2598,LIVE
2599,EXC
2600,FAIL
2601,LIVE
2602,FAIL
2603,EXC
2604,LIVE
2605,EXC
2606,EXC
2607,FAIL
2608,FAIL
2609,FAIL
2610,EXC
2611,EXC
2612,FAIL
2613,FAIL
2614,EXC
2615,EXC
2616,LIVE
2617,EXC
2618,EXC
2619,EXC
2620,EXC
2621,EXC
2622,EXC
2623,EXC
2624,EXC
2625,EXC
2626,EXC
2627,EXC
2628,EXC
2629,EXC
2630,FAIL
2631,EXC
2632,LIVE
2633,LIVE
2634,LIVE
2635,LIVE
2636,LIVE
2637,LIVE
2638,LIVE
2639,TIME
2640,LIVE
2641,LIVE
2642,FAIL
2644,LIVE
2645,LIVE
2646,LIVE
2647,LIVE
2648,LIVE
2650,LIVE
2651,LIVE
2652,LIVE
2653,LIVE
2654,FAIL
2656,LIVE
2657,LIVE
2658,LIVE
2659,LIVE
2660,LIVE
2662,LIVE
2663,LIVE
2664,LIVE
2665,LIVE
2666,FAIL
2668,LIVE
2669,LIVE
2670,LIVE
2671,LIVE
2672,LIVE
2674,LIVE
2675,LIVE
2676,LIVE
2677,LIVE
2678,FAIL
2680,LIVE
2681,LIVE
2682,LIVE
2683,LIVE
2684,LIVE
2686,LIVE
2687,LIVE
2688,LIVE
2689,LIVE
2690,FAIL
2692,LIVE
2693,LIVE
2694,LIVE
2695,LIVE
2696,LIVE
2698,LIVE
2699,LIVE
2700,LIVE
2701,LIVE
2702,FAIL
2704,LIVE
2705,LIVE
2706,LIVE
2707,LIVE
2708,LIVE
2710,LIVE
2711,LIVE
2712,LIVE
2713,LIVE
2714,FAIL
2716,LIVE
2717,LIVE
2718,LIVE
2719,LIVE
2720,LIVE
2722,LIVE
2723,LIVE
2724,LIVE
2725,LIVE
2726,FAIL
2728,LIVE
2729,LIVE
2730,LIVE
2731,LIVE
2732,LIVE
2734,TIME
2735,LIVE
2736,LIVE
2737,LIVE
2738,FAIL
2740,LIVE
2741,LIVE
2742,LIVE
2743,LIVE
2744,LIVE
2746,LIVE
2747,LIVE
2748,LIVE
2749,LIVE
2750,FAIL
2752,LIVE
2753,LIVE
2754,LIVE
2755,LIVE
2756,LIVE
2758,LIVE
2759,LIVE
2760,LIVE
2761,LIVE
2762,FAIL
2764,LIVE
2765,LIVE
2766,LIVE
2767,LIVE
2768,LIVE
2770,LIVE
2771,LIVE
2772,LIVE
2773,LIVE
2774,FAIL
2776,TIME
2777,LIVE
2778,TIME
2779,LIVE
2780,LIVE
2782,LIVE
2783,LIVE
2784,LIVE
2785,LIVE
2786,FAIL
2788,LIVE
2789,LIVE
2790,LIVE
2791,FAIL
2792,LIVE
2794,LIVE
2795,LIVE
2796,LIVE
2797,LIVE
2798,LIVE
2800,LIVE
2801,LIVE
2802,LIVE
2803,LIVE
2804,FAIL
2806,LIVE
2807,LIVE
2808,LIVE
2809,FAIL
2810,TIME
2812,TIME
2813,LIVE
2814,TIME
2815,LIVE
2816,LIVE
2818,LIVE
2819,LIVE
2820,LIVE
2821,LIVE
2822,FAIL
2824,TIME
2825,LIVE
2826,LIVE
2827,LIVE
2828,LIVE
2830,LIVE
2831,LIVE
2832,LIVE
2833,LIVE
2834,FAIL
2836,LIVE
2837,LIVE
2838,LIVE
2839,LIVE
2840,LIVE
2842,LIVE
2843,LIVE
2844,LIVE
2845,TIME
2846,FAIL
2848,LIVE
2849,LIVE
2850,LIVE
2851,FAIL
2852,LIVE
2854,LIVE
2855,TIME
2856,LIVE
2857,FAIL
2858,LIVE
2860,LIVE
2861,LIVE
2862,LIVE
2863,FAIL
2864,LIVE
2866,LIVE
2867,LIVE
2868,LIVE
2869,FAIL
2870,LIVE
2872,LIVE
2873,LIVE
2874,LIVE
2875,LIVE
2876,TIME
2878,LIVE
2879,LIVE
2880,LIVE
2881,LIVE
2882,FAIL
2884,TIME
2885,LIVE
2886,LIVE
2887,LIVE
2888,LIVE
2890,LIVE
2891,LIVE
2892,LIVE
2893,LIVE
2894,FAIL
2896,LIVE
2897,LIVE
2898,LIVE
2899,LIVE
2900,LIVE
2902,LIVE
2903,LIVE
2904,LIVE
2905,LIVE
2906,FAIL
2908,LIVE
2909,LIVE
2910,LIVE
2911,LIVE
2912,LIVE
2914,LIVE
2915,LIVE
2916,LIVE
2917,LIVE
2918,FAIL
2920,LIVE
2921,LIVE
2922,LIVE
2923,LIVE
2924,LIVE
2926,LIVE
2927,LIVE
2928,LIVE
2929,LIVE
2930,FAIL
2932,LIVE
2933,LIVE
2934,LIVE
2935,LIVE
2936,LIVE
2938,LIVE
2939,LIVE
2940,LIVE
2941,LIVE
2942,FAIL
2944,LIVE
2945,LIVE
2946,LIVE
2947,LIVE
2948,LIVE
2950,LIVE
2951,LIVE
2952,LIVE
2953,LIVE
2954,FAIL
2956,LIVE
2957,LIVE
2958,LIVE
2959,LIVE
2960,LIVE
2962,LIVE
2963,LIVE
2964,LIVE
2965,LIVE
2966,FAIL
2968,LIVE
2969,LIVE
2970,LIVE
2971,LIVE
2972,LIVE
2974,LIVE
2975,LIVE
2976,LIVE
2977,LIVE
2978,FAIL
2980,LIVE
2981,LIVE
2982,LIVE
2983,LIVE
2984,LIVE
2986,LIVE
2987,LIVE
2988,LIVE
2989,LIVE
2990,FAIL
2992,LIVE
2993,LIVE
2994,LIVE
2995,LIVE
2996,LIVE
2998,LIVE
2999,LIVE
3000,LIVE
3001,LIVE
3002,TIME
3004,LIVE
3005,LIVE
3006,LIVE
3007,LIVE
3008,LIVE
3010,LIVE
3011,LIVE
3012,TIME
3013,LIVE
3014,FAIL
3016,LIVE
3017,LIVE
3018,LIVE
3019,TIME
3020,TIME
3022,LIVE
3023,TIME
3024,LIVE
3025,LIVE
3026,LIVE
3028,LIVE
3029,LIVE
3030,LIVE
3031,LIVE
3032,FAIL
3034,LIVE
3035,LIVE
3036,LIVE
3037,LIVE
3038,LIVE
3040,LIVE
3041,LIVE
3042,LIVE
3043,LIVE
3044,FAIL
3046,LIVE
3047,LIVE
3048,LIVE
3049,LIVE
3050,LIVE
3052,LIVE
3053,TIME
3054,LIVE
3055,LIVE
3056,FAIL
3058,LIVE
3059,LIVE
3060,LIVE
3061,LIVE
3062,LIVE
3064,LIVE
3065,LIVE
3066,LIVE
3067,LIVE
3068,FAIL
3070,LIVE
3071,LIVE
3072,LIVE
3073,LIVE
3074,LIVE
3076,LIVE
3077,LIVE
3078,LIVE
3079,LIVE
3080,FAIL
3082,LIVE
3083,LIVE
3084,LIVE
3085,LIVE
3086,LIVE
3088,LIVE
3089,LIVE
3090,LIVE
3091,LIVE
3092,FAIL
3094,LIVE
3095,LIVE
3096,LIVE
3097,LIVE
3098,LIVE
3100,LIVE
3101,LIVE
3102,LIVE
3103,LIVE
3104,FAIL
3106,LIVE
3107,LIVE
3108,LIVE
3109,LIVE
3110,LIVE
3112,LIVE
3113,LIVE
3114,LIVE
3115,LIVE
3116,FAIL
3118,LIVE
3119,LIVE
3120,LIVE
3121,LIVE
3122,LIVE
3124,TIME
3125,LIVE
3126,LIVE
3127,LIVE
3128,FAIL
3130,LIVE
3131,LIVE
3132,LIVE
3133,FAIL
3134,LIVE
3136,LIVE
3137,LIVE
3138,LIVE
3139,LIVE
3140,LIVE
3142,LIVE
3143,LIVE
3144,LIVE
3145,LIVE
3146,FAIL
3148,LIVE
3149,LIVE
3150,LIVE
3151,LIVE
3152,LIVE
3154,LIVE
3155,LIVE
3156,LIVE
3157,LIVE
3158,FAIL
3160,LIVE
3161,LIVE
3162,LIVE
3163,FAIL
3164,LIVE
3166,LIVE
3167,LIVE
3168,LIVE
3169,LIVE
3170,LIVE
3172,LIVE
3173,LIVE
3174,LIVE
3175,LIVE
3176,FAIL
3178,LIVE
3179,LIVE
3180,LIVE
3181,LIVE
3182,LIVE
3184,LIVE
3185,LIVE
3186,LIVE
3187,LIVE
3188,FAIL
3190,LIVE
3191,LIVE
3192,LIVE
3193,LIVE
3194,LIVE
3196,LIVE
3197,LIVE
3198,LIVE
3199,LIVE
3200,FAIL
3202,LIVE
3203,LIVE
3204,LIVE
3205,LIVE
3206,LIVE
3208,LIVE
3209,LIVE
3210,LIVE
3211,LIVE
3212,FAIL
3214,LIVE
3215,LIVE
3216,TIME
3217,LIVE
3218,LIVE
3220,LIVE
3221,LIVE
3222,LIVE
3223,LIVE
3224,FAIL
3226,LIVE
3227,LIVE
3228,LIVE
3229,FAIL
3230,LIVE
3232,LIVE
3233,LIVE
3234,LIVE
3235,LIVE
3236,LIVE
3238,LIVE
3239,LIVE
3240,LIVE
3241,LIVE
3242,FAIL
3244,LIVE
3245,LIVE
3246,LIVE
3247,LIVE
3248,LIVE
3250,LIVE
3251,LIVE
3252,TIME
3253,LIVE
3254,FAIL
3256,LIVE
3257,LIVE
3258,LIVE
3259,LIVE
3260,LIVE
3262,LIVE
3263,LIVE
3264,LIVE
3265,LIVE
3266,FAIL
3268,LIVE
3269,LIVE
3270,LIVE
3271,LIVE
3272,LIVE
3274,LIVE
3275,LIVE
3276,LIVE
3277,LIVE
3278,FAIL
3280,LIVE
3281,LIVE
3282,LIVE
3283,LIVE
3284,LIVE
3286,LIVE
3287,LIVE
3288,LIVE
3289,LIVE
3290,FAIL
3292,LIVE
3293,LIVE
3294,LIVE
3295,LIVE
3296,LIVE
3298,LIVE
3299,LIVE
3300,LIVE
3301,LIVE
3302,FAIL
3304,LIVE
3305,LIVE
3306,LIVE
3307,LIVE
3308,LIVE
3310,LIVE
3311,LIVE
3312,LIVE
3313,LIVE
3314,FAIL
3316,LIVE
3317,LIVE
3318,LIVE
3319,LIVE
3320,LIVE
3322,LIVE
3323,LIVE
3324,LIVE
3325,LIVE
3326,FAIL
3328,LIVE
3329,LIVE
3330,LIVE
3331,LIVE
3332,LIVE
3334,LIVE
3335,LIVE
3336,LIVE
3337,LIVE
3338,FAIL
3340,LIVE
3341,LIVE
3342,LIVE
3343,LIVE
3344,LIVE
3346,LIVE
3347,LIVE
3348,LIVE
3349,LIVE
3350,FAIL
3352,LIVE
3353,LIVE
3354,LIVE
3355,LIVE
3356,LIVE
3358,LIVE
3359,LIVE
3360,LIVE
3361,LIVE
3362,FAIL
3364,LIVE
3365,LIVE
3366,LIVE
3367,LIVE
3368,LIVE
3370,LIVE
3371,LIVE
3372,LIVE
3373,LIVE
3374,FAIL
3376,LIVE
3377,LIVE
3378,LIVE
3379,FAIL
3380,LIVE
3382,LIVE
3383,LIVE
3384,LIVE
3385,LIVE
3386,LIVE
3388,LIVE
3389,LIVE
3390,LIVE
3391,LIVE
3392,FAIL
3394,LIVE
3395,LIVE
3396,LIVE
3397,LIVE
3398,LIVE
3400,LIVE
3401,LIVE
3402,LIVE
3403,LIVE
3404,FAIL
3406,LIVE
3407,LIVE
3408,LIVE
3409,FAIL
3410,LIVE
3412,LIVE
3413,LIVE
3414,LIVE
3415,LIVE
3416,LIVE
3418,LIVE
3419,LIVE
3420,LIVE
3421,LIVE
3422,FAIL
3424,LIVE
3425,LIVE
3426,LIVE
3427,LIVE
3428,LIVE
3430,LIVE
3431,LIVE
3432,LIVE
3433,LIVE
3434,FAIL
3436,LIVE
3437,LIVE
3438,LIVE
3439,LIVE
3440,LIVE
3442,LIVE
3443,LIVE
3444,LIVE
3445,LIVE
3446,FAIL
3448,LIVE
3449,LIVE
3450,TIME
3451,LIVE
3452,LIVE
3454,LIVE
3455,LIVE
3456,LIVE
3457,LIVE
3458,FAIL
3460,LIVE
3461,LIVE
3462,LIVE
3463,LIVE
3464,LIVE
3466,LIVE
3467,LIVE
3468,LIVE
3469,LIVE
3470,FAIL
3472,LIVE
3473,LIVE
3474,LIVE
3475,FAIL
3476,LIVE
3478,LIVE
3479,LIVE
3480,LIVE
3481,FAIL
3482,LIVE
3484,LIVE
3485,LIVE
3486,LIVE
3487,LIVE
3488,LIVE
3490,LIVE
3491,LIVE
3492,LIVE
3493,LIVE
3494,FAIL
3496,LIVE
3497,LIVE
3498,LIVE
3499,TIME
3500,LIVE
3502,LIVE
3503,LIVE
3504,LIVE
3505,LIVE
3506,FAIL
3508,LIVE
3509,LIVE
3510,LIVE
3511,LIVE
3512,LIVE
3514,LIVE
3515,LIVE
3516,LIVE
3517,LIVE
3518,FAIL
3520,LIVE
3521,LIVE
3522,LIVE
3523,LIVE
3524,LIVE
3526,LIVE
3527,LIVE
3528,LIVE
3529,LIVE
3530,FAIL
3532,LIVE
3533,LIVE
3534,LIVE
3535,LIVE
3536,LIVE
3538,LIVE
3539,LIVE
3540,LIVE
3541,LIVE
3542,FAIL
3544,LIVE
3545,LIVE
3546,LIVE
3547,LIVE
3548,LIVE
3550,LIVE
3551,LIVE
3552,LIVE
3553,LIVE
3554,FAIL
3556,LIVE
3557,LIVE
3558,LIVE
3559,FAIL
3560,LIVE
3562,LIVE
3563,LIVE
3564,LIVE
3565,LIVE
3566,LIVE
3568,LIVE
3569,LIVE
3570,LIVE
3571,LIVE
3572,FAIL
3574,LIVE
3575,LIVE
3576,LIVE
3577,LIVE
3578,LIVE
3580,LIVE
3581,LIVE
3582,LIVE
3583,LIVE
3584,FAIL
3586,LIVE
3587,LIVE
3588,LIVE
3589,LIVE
3590,LIVE
3592,LIVE
3593,LIVE
3594,LIVE
3595,LIVE
3596,FAIL
3598,LIVE
3599,LIVE
3600,LIVE
3601,LIVE
3602,LIVE
3604,LIVE
3605,LIVE
3606,LIVE
3607,LIVE
3608,FAIL
3610,LIVE
3611,LIVE
3612,LIVE
3613,LIVE
3614,LIVE
3616,LIVE
3617,LIVE
3618,LIVE
3619,LIVE
3620,FAIL
3622,LIVE
3623,LIVE
3624,LIVE
3625,LIVE
3626,LIVE
3628,LIVE
3629,LIVE
3630,LIVE
3631,LIVE
3632,FAIL
3634,LIVE
3635,LIVE
3636,LIVE
3637,FAIL
3638,LIVE
3640,LIVE
3641,LIVE
3642,LIVE
3643,LIVE
3644,LIVE
3646,LIVE
3647,LIVE
3648,LIVE
3649,LIVE
3650,FAIL
3652,LIVE
3653,LIVE
3654,LIVE
3655,LIVE
3656,LIVE
3658,LIVE
3659,LIVE
3660,LIVE
3661,LIVE
3662,FAIL
3664,LIVE
3665,LIVE
3666,LIVE
3667,LIVE
3668,LIVE
3670,LIVE
3671,LIVE
3672,LIVE
3673,LIVE
3674,FAIL
3676,LIVE
3677,LIVE
3678,LIVE
3679,LIVE
3680,LIVE
3682,LIVE
3683,LIVE
3684,LIVE
3685,LIVE
3686,FAIL
3688,LIVE
3689,LIVE
3690,LIVE
3691,LIVE
3692,LIVE
3694,LIVE
3695,LIVE
3696,LIVE
3697,LIVE
3698,FAIL
3700,LIVE
3701,LIVE
3702,LIVE
3703,LIVE
3704,LIVE
3706,LIVE
3707,LIVE
3708,LIVE
3709,LIVE
3710,FAIL
3712,LIVE
3713,LIVE
3714,LIVE
3715,LIVE
3716,LIVE
3718,LIVE
3719,LIVE
3720,LIVE
3721,LIVE
3722,FAIL
3724,LIVE
3725,LIVE
3726,LIVE
3727,LIVE
3728,LIVE
3730,LIVE
3731,LIVE
3732,LIVE
3733,LIVE
3734,FAIL
3736,LIVE
3737,LIVE
3738,LIVE
3739,LIVE
3740,LIVE
3742,LIVE
3743,LIVE
3744,LIVE
3745,LIVE
3746,FAIL
3748,LIVE
3749,LIVE
3750,LIVE
3751,LIVE
3752,LIVE
3754,TIME
3755,LIVE
3756,LIVE
3757,LIVE
3758,FAIL
3760,LIVE
3761,LIVE
3762,LIVE
3763,LIVE
3764,LIVE
3766,LIVE
3767,LIVE
3768,LIVE
3769,LIVE
3770,FAIL
3772,LIVE
3773,LIVE
3774,LIVE
3775,LIVE
3776,LIVE
3778,LIVE
3779,LIVE
3780,LIVE
3781,LIVE
3782,FAIL
3784,LIVE
3785,LIVE
3786,LIVE
3787,LIVE
3788,LIVE
3790,LIVE
3791,LIVE
3792,LIVE
3793,LIVE
3794,FAIL
3796,LIVE
3797,LIVE
3798,LIVE
3799,LIVE
3800,LIVE
3802,LIVE
3803,LIVE
3804,LIVE
3805,LIVE
3806,FAIL
3808,LIVE
3809,LIVE
3810,TIME
3811,LIVE
3812,LIVE
3814,LIVE
3815,LIVE
3816,LIVE
3817,LIVE
3818,FAIL
3820,LIVE
3821,LIVE
3822,LIVE
3823,LIVE
3824,LIVE
3826,LIVE
3827,LIVE
3828,LIVE
3829,TIME
3830,FAIL
3832,LIVE
3833,LIVE
3834,TIME
3835,FAIL
3836,LIVE
3838,LIVE
3839,LIVE
3840,LIVE
3841,LIVE
3842,TIME
3844,LIVE
3845,LIVE
3846,LIVE
3847,LIVE
3848,FAIL
3850,LIVE
3851,LIVE
3852,LIVE
3853,LIVE
3854,LIVE
3856,LIVE
3857,LIVE
3858,LIVE
3859,LIVE
3860,FAIL
3862,LIVE
3863,LIVE
3864,LIVE
3865,LIVE
3866,LIVE
3868,LIVE
3869,LIVE
3870,LIVE
3871,LIVE
3872,FAIL
3874,LIVE
3875,LIVE
3876,LIVE
3877,LIVE
3878,LIVE
3880,LIVE
3881,LIVE
3882,LIVE
3883,LIVE
3884,FAIL
3886,LIVE
3887,LIVE
3888,LIVE
3889,LIVE
3890,LIVE
3892,LIVE
3893,LIVE
3894,LIVE
3895,TIME
3896,FAIL
3898,LIVE
3899,LIVE
3900,LIVE
3901,LIVE
3902,LIVE
3904,LIVE
3905,LIVE
3906,LIVE
3907,LIVE
3908,FAIL
3910,LIVE
3911,LIVE
3912,LIVE
3913,LIVE
3914,LIVE
3916,LIVE
3917,LIVE
3918,LIVE
3919,LIVE
3920,FAIL
3922,LIVE
3923,LIVE
3924,LIVE
3925,FAIL
3926,LIVE
3928,LIVE
3929,LIVE
3930,LIVE
3931,LIVE
3932,LIVE
3934,LIVE
3935,LIVE
3936,LIVE
3937,LIVE
3938,FAIL
3940,LIVE
3941,LIVE
3942,LIVE
3943,LIVE
3944,LIVE
3946,LIVE
3947,LIVE
3948,LIVE
3949,LIVE
3950,FAIL
3952,LIVE
3953,LIVE
3954,LIVE
3955,LIVE
3956,LIVE
3958,LIVE
3959,LIVE
3960,LIVE
3961,LIVE
3962,FAIL
3964,LIVE
3965,LIVE
3966,LIVE
3967,FAIL
3968,LIVE
3970,LIVE
3971,LIVE
3972,LIVE
3973,LIVE
3974,LIVE
3976,LIVE
3977,LIVE
3978,LIVE
3979,LIVE
3980,FAIL
3982,LIVE
3983,LIVE
3984,LIVE
3985,FAIL
3986,LIVE
3988,LIVE
3989,LIVE
3990,LIVE
3991,FAIL
3992,LIVE
3994,LIVE
3995,LIVE
3996,LIVE
3997,LIVE
3998,LIVE
4000,LIVE
4001,LIVE
4002,LIVE
4003,LIVE
4004,FAIL
4006,LIVE
4007,LIVE
4008,LIVE
4009,LIVE
4010,LIVE
4012,LIVE
4013,LIVE
4014,LIVE
4015,LIVE
4016,FAIL
4018,LIVE
4019,LIVE
4020,LIVE
4021,LIVE
4022,LIVE
4024,LIVE
4025,LIVE
4026,LIVE
4027,LIVE
4028,FAIL
4030,LIVE
4031,LIVE
4032,LIVE
4033,FAIL
4034,LIVE
4036,LIVE
4037,LIVE
4038,LIVE
4039,FAIL
4040,LIVE
4042,LIVE
4043,LIVE
4044,LIVE
4045,LIVE
4046,LIVE
4048,LIVE
4049,LIVE
4050,LIVE
4051,LIVE
4052,FAIL
4054,LIVE
4055,LIVE
4056,LIVE
4057,LIVE
4058,LIVE
4060,LIVE
4061,LIVE
4062,LIVE
4063,LIVE
4064,FAIL
4066,LIVE
4067,LIVE
4068,LIVE
4069,FAIL
4070,LIVE
4072,LIVE
4073,LIVE
4074,LIVE
4075,LIVE
4076,LIVE
4078,LIVE
4079,LIVE
4080,LIVE
4081,LIVE
4082,FAIL
4084,LIVE
4085,LIVE
4086,LIVE
4087,FAIL
4088,LIVE
4090,LIVE
4091,LIVE
4092,LIVE
4093,LIVE
4094,LIVE
4096,LIVE
4097,LIVE
4098,LIVE
4099,LIVE
4100,FAIL
4102,LIVE
4103,LIVE
4104,LIVE
4105,LIVE
4106,LIVE
4108,LIVE
4109,LIVE
4110,LIVE
4111,LIVE
4112,FAIL
4114,LIVE
4115,LIVE
4116,LIVE
4117,TIME
4118,LIVE
4120,LIVE
4121,LIVE
4122,LIVE
4123,LIVE
4124,FAIL
4126,TIME
4127,LIVE
4128,LIVE
4129,TIME
4130,LIVE
4132,LIVE
4133,LIVE
4134,LIVE
4135,LIVE
4136,FAIL
4138,LIVE
4139,LIVE
4140,LIVE
4141,LIVE
4142,LIVE
4144,LIVE
4145,LIVE
4146,LIVE
4147,LIVE
4148,FAIL
4150,LIVE
4151,LIVE
4152,LIVE
4153,FAIL
4154,LIVE
4156,LIVE
4157,LIVE
4158,LIVE
4159,LIVE
4160,LIVE
4162,LIVE
4163,LIVE
4164,LIVE
4165,LIVE
4166,FAIL
4168,LIVE
4169,LIVE
4170,LIVE
4171,LIVE
4172,LIVE
4174,LIVE
4175,LIVE
4176,LIVE
4177,LIVE
4178,FAIL
4180,LIVE
4181,LIVE
4182,LIVE
4183,FAIL
4184,LIVE
4186,LIVE
4187,LIVE
4188,LIVE
4189,LIVE
4190,LIVE
4192,LIVE
4193,LIVE
4194,LIVE
4195,LIVE
4196,FAIL
4198,LIVE
4199,LIVE
4200,LIVE
4201,LIVE
4202,LIVE
4204,LIVE
4205,LIVE
4206,LIVE
4207,LIVE
4208,FAIL
4210,LIVE
4211,LIVE
4212,LIVE
4213,FAIL
4214,LIVE
4216,LIVE
4217,LIVE
4218,LIVE
4219,FAIL
4220,LIVE
4222,LIVE
4223,LIVE
4224,LIVE
4225,FAIL
4226,LIVE
4228,LIVE
4229,LIVE
4230,LIVE
4231,FAIL
4232,LIVE
4234,LIVE
4235,LIVE
4236,LIVE
4237,FAIL
4238,LIVE
4240,LIVE
4241,LIVE
4242,LIVE
4243,FAIL
4244,LIVE
4246,LIVE
4247,LIVE
4248,LIVE
4249,LIVE
4250,LIVE
4252,LIVE
4253,LIVE
4254,LIVE
4255,LIVE
4256,FAIL
4258,LIVE
4259,LIVE
4260,LIVE
4261,FAIL
4262,LIVE
4264,LIVE
4265,LIVE
4266,LIVE
4267,LIVE
4268,LIVE
4270,LIVE
4271,LIVE
4272,LIVE
4273,LIVE
4274,FAIL
4276,LIVE
4277,LIVE
4278,LIVE
4279,FAIL
4280,LIVE
4282,LIVE
4283,LIVE
4284,LIVE
4285,FAIL
4286,LIVE
4288,LIVE
4289,LIVE
4290,LIVE
4291,FAIL
4292,LIVE
4294,LIVE
4295,LIVE
4296,LIVE
4297,FAIL
4298,LIVE
4300,LIVE
4301,LIVE
4302,LIVE
4303,TIME
4304,LIVE
4306,LIVE
4307,TIME
4308,LIVE
4309,LIVE
4310,FAIL
4312,LIVE
4313,LIVE
4314,LIVE
4315,LIVE
4316,LIVE
4318,LIVE
4319,LIVE
4320,LIVE
4321,LIVE
4322,FAIL
4324,LIVE
4325,LIVE
4326,LIVE
4327,FAIL
4328,LIVE
4330,LIVE
4331,LIVE
4332,LIVE
4333,FAIL
4334,LIVE
4336,TIME
4337,LIVE
4338,LIVE
4339,FAIL
4340,LIVE
4342,LIVE
4343,LIVE
4344,LIVE
4345,FAIL
4346,LIVE
4348,LIVE
4349,LIVE
4350,LIVE
4351,LIVE
4352,LIVE
4354,LIVE
4355,LIVE
4356,LIVE
4357,LIVE
4358,FAIL
4360,LIVE
4361,LIVE
4362,LIVE
4363,LIVE
4364,LIVE
4366,LIVE
4367,LIVE
4368,LIVE
4369,LIVE
4370,FAIL
4372,LIVE
4373,LIVE
4374,LIVE
4375,FAIL
4376,LIVE
4378,LIVE
4379,LIVE
4380,LIVE
4381,LIVE
4382,LIVE
4384,LIVE
4385,TIME
4386,LIVE
4387,LIVE
4388,FAIL
4390,LIVE
4391,LIVE
4392,LIVE
4393,FAIL
4394,LIVE
4396,LIVE
4397,LIVE
4398,LIVE
4399,FAIL
4400,LIVE
4402,LIVE
4403,LIVE
4404,LIVE
4405,FAIL
4406,LIVE
4408,LIVE
4409,LIVE
4410,LIVE
4411,LIVE
4412,LIVE
4414,LIVE
4415,LIVE
4416,LIVE
4417,LIVE
4418,FAIL
4420,LIVE
4421,LIVE
4422,LIVE
4423,LIVE
4424,TIME
4426,LIVE
4427,LIVE
4428,LIVE
4429,LIVE
4430,TIME
4432,LIVE
4433,LIVE
4434,LIVE
4435,LIVE
4436,LIVE
4438,LIVE
4439,LIVE
4440,LIVE
4441,LIVE
4442,FAIL
4444,LIVE
4445,LIVE
4446,LIVE
4447,LIVE
4448,LIVE
4450,LIVE
4451,LIVE
4452,LIVE
4453,LIVE
4454,FAIL
4456,LIVE
4457,LIVE
4458,LIVE
4459,LIVE
4460,LIVE
4462,LIVE
4463,LIVE
4464,LIVE
4465,LIVE
4466,FAIL
4468,LIVE
4469,LIVE
4470,LIVE
4471,LIVE
4472,LIVE
4474,LIVE
4475,LIVE
4476,LIVE
4477,LIVE
4478,FAIL
4480,LIVE
4481,LIVE
4482,LIVE
4483,LIVE
4484,LIVE
4486,LIVE
4487,LIVE
4488,LIVE
4489,LIVE
4490,FAIL
4492,LIVE
4493,LIVE
4494,LIVE
4495,FAIL
4496,LIVE
4498,LIVE
4499,LIVE
4500,LIVE
4501,FAIL
4502,LIVE
4504,LIVE
4505,LIVE
4506,LIVE
4507,FAIL
4508,LIVE
4510,LIVE
4511,LIVE
4512,LIVE
4513,LIVE
4514,LIVE
4516,LIVE
4517,LIVE
4518,LIVE
4519,LIVE
4520,FAIL
4522,LIVE
4523,LIVE
4524,LIVE
4525,LIVE
4526,LIVE
4528,LIVE
4529,LIVE
4530,LIVE
4531,LIVE
4532,FAIL
4534,LIVE
4535,LIVE
4536,LIVE
4537,LIVE
4538,LIVE
4540,LIVE
4541,LIVE
4542,LIVE
4543,LIVE
4544,FAIL
4546,LIVE
4547,LIVE
4548,LIVE
4549,FAIL
4550,LIVE
4552,LIVE
4553,LIVE
4554,LIVE
4555,LIVE
4556,LIVE
4558,LIVE
4559,LIVE
4560,LIVE
4561,LIVE
4562,FAIL
4564,LIVE
4565,LIVE
4566,LIVE
4567,LIVE
4568,LIVE
4570,LIVE
4571,LIVE
4572,LIVE
4573,LIVE
4574,FAIL
4576,LIVE
4577,LIVE
4578,LIVE
4579,LIVE
4580,LIVE
4582,LIVE
4583,LIVE
4584,LIVE
4585,LIVE
4586,FAIL
4588,LIVE
4589,LIVE
4590,LIVE
4591,LIVE
4592,LIVE
4594,LIVE
4595,LIVE
4596,TIME
4597,LIVE
4598,FAIL
4600,LIVE
4601,LIVE
4602,LIVE
4603,LIVE
4604,LIVE
4606,LIVE
4607,LIVE
4608,LIVE
4609,LIVE
4610,FAIL
4612,LIVE
4613,LIVE
4614,LIVE
4615,LIVE
4616,LIVE
4618,LIVE
4619,LIVE
4620,TIME
4621,TIME
4622,FAIL
4624,LIVE
4625,LIVE
4626,LIVE
4627,LIVE
4628,LIVE
4630,LIVE
4631,LIVE
4632,LIVE
4633,LIVE
4634,FAIL
4636,LIVE
4637,LIVE
4638,LIVE
4639,FAIL
4640,LIVE
4642,LIVE
4643,LIVE
4644,LIVE
4645,LIVE
4646,LIVE
4648,LIVE
4649,LIVE
4650,LIVE
4651,LIVE
4652,FAIL
4654,LIVE
4655,LIVE
4656,LIVE
4657,FAIL
4658,LIVE
4660,LIVE
4661,LIVE
4662,LIVE
4663,LIVE
4664,LIVE
4666,LIVE
4667,LIVE
4668,LIVE
4669,TIME
4670,FAIL
4672,LIVE
4673,LIVE
4674,LIVE
4675,FAIL
4676,LIVE
4678,LIVE
4679,LIVE
4680,LIVE
4681,LIVE
4682,LIVE
4684,LIVE
4685,LIVE
4686,LIVE
4687,LIVE
4688,FAIL
4690,LIVE
4691,LIVE
4692,LIVE
4693,LIVE
4694,LIVE
4696,LIVE
4697,LIVE
4698,LIVE
4699,LIVE
4700,FAIL
4702,TIME
4703,LIVE
4704,LIVE
4705,LIVE
4706,LIVE
4708,LIVE
4709,LIVE
4710,LIVE
4711,LIVE
4712,FAIL
4714,LIVE
4715,LIVE
4716,LIVE
4717,LIVE
4718,LIVE
4720,LIVE
4721,LIVE
4722,LIVE
4723,LIVE
4724,FAIL
4726,LIVE
4727,LIVE
4728,LIVE
4729,LIVE
4730,LIVE
4732,LIVE
4733,LIVE
4734,LIVE
4735,LIVE
4736,FAIL
4738,LIVE
4739,LIVE
4740,LIVE
4741,LIVE
4742,LIVE
4744,LIVE
4745,LIVE
4746,LIVE
4747,LIVE
4748,FAIL
4750,FAIL
4751,FAIL
4752,FAIL
4753,LIVE
4754,LIVE
4755,FAIL
4756,FAIL
5718,LIVE
5719,LIVE
5720,LIVE
5721,LIVE
5722,LIVE
5723,FAIL
5809,EXC
5810,EXC
5811,EXC
5812,LIVE
5813,EXC
5814,EXC
5815,EXC
5816,EXC
5817,LIVE
5818,EXC
5819,EXC
5820,EXC
5821,EXC
5822,EXC
5823,LIVE
5824,LIVE
5825,EXC
5826,EXC
5990,EXC
5991,EXC
5992,EXC
5993,EXC
5994,EXC
5995,EXC
5996,EXC
5997,EXC
5998,LIVE
5999,LIVE
6000,EXC
6001,EXC
6002,EXC
6003,EXC
6004,EXC
6005,EXC
6006,EXC
6007,EXC
6008,EXC
6009,EXC
6010,EXC
6011,FAIL
6012,EXC
6013,TIME
6014,TIME
6015,EXC
6016,EXC
6017,EXC
6018,EXC
6019,EXC
6020,EXC
6021,EXC
6022,EXC
6023,FAIL
6024,TIME
6025,EXC
6026,EXC
6027,EXC
6028,EXC
6029,LIVE
6030,LIVE
6031,EXC
6032,EXC
6033,EXC
6034,LIVE
6035,LIVE
6036,EXC
6037,LIVE
6038,EXC
6039,LIVE
6040,LIVE
6041,EXC
6042,EXC
6043,LIVE
6044,LIVE
6045,EXC
6046,LIVE
6047,EXC
6048,LIVE
6049,LIVE
6050,LIVE
6051,LIVE
6052,LIVE
6053,LIVE
6054,LIVE
6055,LIVE
6056,EXC
6057,EXC
6058,EXC
6059,EXC
6060,EXC
6061,LIVE
6062,LIVE
6063,EXC
6064,EXC
6065,EXC
6066,LIVE
6067,LIVE
6068,EXC
6069,LIVE
6070,EXC
6071,LIVE
6072,LIVE
6073,EXC
6074,EXC
6075,LIVE
6076,LIVE
6077,EXC
6078,LIVE
6079,EXC
6080,LIVE
6081,LIVE
6082,LIVE
6083,LIVE
6084,LIVE
6085,LIVE
6086,LIVE
6087,LIVE
6088,EXC
6089,EXC
6090,EXC
6091,EXC
6092,EXC
6093,LIVE
6094,LIVE
6095,EXC
6096,EXC
6097,EXC
6098,LIVE
6099,LIVE
6100,EXC
6101,LIVE
6102,EXC
6103,LIVE
6104,LIVE
6105,EXC
6106,EXC
6107,LIVE
6108,LIVE
6109,EXC
6110,LIVE
6111,EXC
6112,LIVE
6113,LIVE
6114,LIVE
6115,LIVE
6116,LIVE
6117,LIVE
6118,LIVE
6119,LIVE
6120,EXC
6121,EXC
6122,EXC
6123,EXC
6124,EXC
6125,LIVE
6126,LIVE
6127,EXC
6128,EXC
6129,EXC
6130,LIVE
6131,LIVE
6132,EXC
6133,LIVE
6134,EXC
6135,LIVE
6136,LIVE
6137,LIVE
6138,LIVE
6139,LIVE
6140,LIVE
6141,LIVE
6142,LIVE
6143,EXC
6144,EXC
6145,EXC
6146,EXC
6147,EXC
6148,EXC
6149,LIVE
6150,LIVE
6151,EXC
6152,TIME
6153,LIVE
6154,EXC
6155,LIVE
6156,TIME
6157,LIVE
6158,LIVE
6159,LIVE
6160,LIVE
6161,LIVE
6162,LIVE
6163,LIVE
6164,LIVE
6165,LIVE
6166,LIVE
6167,EXC
6168,LIVE
6169,LIVE
6170,LIVE
6171,LIVE
6172,LIVE
6173,LIVE
6174,EXC
6175,LIVE
6176,LIVE
6177,LIVE
6178,LIVE
6179,LIVE
6180,LIVE
6181,EXC
6182,LIVE
6183,EXC
6184,LIVE
6185,LIVE
6186,EXC
6187,LIVE
6188,EXC
6189,LIVE
6190,LIVE
6191,LIVE
6192,LIVE
6193,LIVE
6194,LIVE
6195,EXC
6196,LIVE
6197,TIME
6198,LIVE
6199,LIVE
6200,LIVE
6201,LIVE
6202,EXC
6203,LIVE
6204,LIVE
6205,LIVE
6206,LIVE
6207,LIVE
6208,LIVE
6209,EXC
6210,FAIL
6211,EXC
6212,EXC
6213,FAIL
6214,EXC
6215,FAIL
6216,EXC
6217,LIVE
6218,LIVE
6219,LIVE
6220,LIVE
6221,LIVE
6222,LIVE
6223,EXC
6224,EXC
6225,LIVE
6226,LIVE
6227,LIVE
6228,LIVE
6229,LIVE
6230,LIVE
6231,EXC
6232,EXC
6233,EXC
6234,EXC
6235,EXC
6236,EXC
6237,FAIL
6238,LIVE
6239,EXC
6240,LIVE
6241,LIVE
6242,LIVE
6243,LIVE
6244,LIVE
6245,LIVE
6246,EXC
6247,LIVE
6248,LIVE
6249,LIVE
6250,LIVE
6251,LIVE
6252,LIVE
6253,EXC
6254,EXC
6255,EXC
6256,FAIL
6257,LIVE
6258,EXC
6259,LIVE
6260,LIVE
6261,LIVE
6262,LIVE
6263,LIVE
6264,LIVE
6265,EXC
6266,LIVE
6267,LIVE
6268,LIVE
6269,LIVE
6270,LIVE
6271,LIVE
6272,EXC
6273,LIVE
6274,LIVE
6275,LIVE
6276,LIVE
6277,LIVE
6278,LIVE
6279,TIME
6280,EXC
6281,EXC
6282,EXC
6283,EXC
6284,TIME
6285,EXC
6286,TIME
6287,EXC
6288,EXC
6289,EXC
6290,EXC
6291,EXC
6292,EXC
6293,TIME
6294,EXC
6295,EXC
6296,LIVE
6297,LIVE
6298,LIVE
6299,LIVE
6300,LIVE
6301,LIVE
6302,EXC
6303,EXC
6304,LIVE
6305,LIVE
6306,LIVE
6307,LIVE
6308,LIVE
6309,LIVE
6310,EXC
6311,LIVE
6312,LIVE
6313,LIVE
6314,LIVE
6315,LIVE
6316,LIVE
6317,EXC
6318,LIVE
6319,LIVE
6320,LIVE
6321,LIVE
6322,LIVE
6323,LIVE
6324,EXC
6325,LIVE
6326,LIVE
6327,LIVE
6328,LIVE
6329,LIVE
6330,LIVE
6331,EXC
6332,LIVE
6333,LIVE
6334,LIVE
6335,LIVE
6336,LIVE
6337,LIVE
6338,EXC
6339,EXC
6340,EXC
6341,LIVE
6342,LIVE
6343,LIVE
6344,LIVE
6345,LIVE
6346,LIVE
6347,EXC
6348,EXC
6349,LIVE
6350,LIVE
6351,LIVE
6352,LIVE
6353,LIVE
6354,LIVE
6355,EXC
6356,EXC
6357,EXC
6358,EXC
6359,EXC
6360,EXC
6361,EXC
6362,EXC
6363,EXC
6364,EXC
6365,EXC
6366,LIVE
6367,EXC
6368,EXC
6371,EXC
6372,EXC
6373,EXC
6374,EXC
6375,EXC
6376,EXC
6377,EXC
6378,EXC
6379,EXC
6380,EXC
6381,TIME
6382,LIVE
6383,EXC
6384,EXC
6385,LIVE
6386,EXC
6387,EXC
6388,EXC
6389,EXC
6390,EXC
6391,EXC
6392,FAIL
6393,FAIL
6394,EXC
6395,EXC
6396,EXC
6397,EXC
6398,EXC
6399,EXC
6400,EXC
6401,EXC
6402,EXC
6403,EXC
6404,EXC
6405,FAIL
6406,EXC
6407,EXC
6408,EXC
6409,EXC
6410,LIVE
6411,LIVE
6412,LIVE
6413,FAIL
6414,EXC
6415,EXC
6416,EXC
6417,EXC
6418,EXC
6419,EXC
6420,EXC
6421,EXC
6422,EXC
6423,EXC
6424,EXC
6425,LIVE
6426,LIVE
6427,LIVE
6428,EXC
6429,EXC
6430,FAIL
6431,EXC
6432,EXC
6433,EXC
6434,EXC
6435,EXC
6436,EXC
6437,EXC
6438,EXC
6439,LIVE
6440,EXC
6441,EXC
6442,EXC
6443,EXC
6444,EXC
6445,EXC
6446,EXC
6447,EXC
6448,EXC
6449,EXC
6450,EXC
6451,LIVE
6452,EXC
6453,EXC
6454,EXC
6455,EXC
6456,EXC
6457,LIVE
6458,EXC
6459,EXC
6460,EXC
6461,EXC
6462,EXC
6463,EXC
6464,EXC
6465,EXC
6466,EXC
6467,EXC
6468,EXC
6469,EXC
6470,EXC
6471,LIVE
6472,LIVE
6473,LIVE
6474,EXC
6475,EXC
6476,FAIL
6477,EXC
6478,LIVE
6479,EXC
6480,LIVE
6481,EXC
6482,FAIL
6483,EXC
6484,EXC
6485,EXC
6486,EXC
6487,EXC
6488,EXC
6489,EXC
6490,LIVE
6491,EXC
6492,EXC
6493,EXC
6494,EXC
6495,EXC
6496,EXC
6497,EXC
6498,EXC
6499,EXC
6500,EXC
6501,EXC
6502,EXC
6503,EXC
6504,EXC
6505,EXC
6506,EXC
6507,EXC
6508,LIVE
6509,EXC
6510,EXC
6511,EXC
6512,EXC
6513,EXC
6514,EXC
6515,EXC
6516,EXC
6517,EXC
6518,EXC
6519,EXC
6520,EXC
6521,EXC
6522,EXC
6523,EXC
6524,EXC
6525,EXC
6526,EXC
6527,EXC
6528,FAIL
6529,FAIL
6530,EXC
6531,EXC
6532,EXC
6533,FAIL
6534,FAIL
6535,EXC
6536,EXC
6537,EXC
6540,EXC
6541,EXC
6542,EXC
6543,EXC
6544,EXC
6545,EXC
6546,EXC
6547,EXC
6548,EXC
6549,EXC
6550,EXC
6551,EXC
6552,EXC
6553,EXC
6554,EXC
6555,EXC
6556,EXC
6557,EXC
6561,EXC
6562,EXC
6563,EXC
6564,EXC
6565,EXC
6566,EXC
6567,EXC
6568,EXC
6569,EXC
6570,EXC
6571,EXC
6572,EXC
6573,EXC
6574,EXC
6575,EXC
6576,LIVE
6577,EXC
6578,EXC
6579,EXC
6580,EXC
6581,EXC
6582,EXC
6583,EXC
6584,EXC
6585,EXC
6586,EXC
6587,EXC
6588,EXC
6589,LIVE
6590,LIVE
6591,EXC
6592,EXC
6593,EXC
6594,EXC
6595,EXC
6596,EXC
6597,EXC
6598,EXC
6599,EXC
6600,LIVE
6601,LIVE
6602,EXC
6603,EXC
6604,EXC
6605,EXC
6606,EXC
6607,LIVE
6608,EXC
6609,FAIL
6610,FAIL
6611,EXC
6612,EXC
6613,EXC
6614,EXC
6615,EXC
6616,EXC
6617,EXC
6618,EXC
6619,EXC
6620,EXC
6621,EXC
6622,FAIL
6623,EXC
6624,EXC
6625,EXC
6626,LIVE
6627,EXC
6628,EXC
6629,EXC
6630,EXC
6631,EXC
6632,EXC
6633,FAIL
6634,EXC
6635,EXC
6636,EXC
6637,EXC
6638,EXC
6639,FAIL
6640,EXC
6641,EXC
6642,FAIL
6643,EXC
6644,EXC
6645,FAIL
6646,EXC
6647,EXC
6648,LIVE
6649,EXC
6650,EXC
6651,EXC
6652,EXC
6653,EXC
6654,EXC
6655,EXC
6656,EXC
6657,EXC
6658,FAIL
6659,EXC
6660,EXC
6661,EXC
6662,EXC
6663,EXC
6664,EXC
6665,EXC
6666,FAIL
6667,EXC
6668,EXC
6669,EXC
6670,LIVE
6671,EXC
6672,EXC
6673,EXC
6674,EXC
6675,EXC
6676,EXC
6677,TIME
6678,EXC
6679,EXC
6680,EXC
6681,EXC
6682,EXC
6683,EXC
6684,EXC
6685,LIVE
6686,EXC
6687,EXC
6688,EXC
6689,EXC
6690,EXC
6691,EXC
6692,EXC
6693,EXC
6694,LIVE
6695,EXC
6696,EXC
6697,EXC
6698,EXC
6699,FAIL
6700,EXC
6701,EXC
6702,FAIL
6703,EXC
6704,EXC
6705,EXC
6706,TIME
6707,TIME
6708,EXC
6709,TIME
6710,TIME
6711,EXC
6712,LIVE
6713,EXC
6714,EXC
6715,TIME
6716,EXC
6717,LIVE
6718,EXC
6719,EXC
6720,EXC
6721,LIVE
6722,EXC
6723,EXC
6724,EXC
6725,EXC
6726,EXC
6727,EXC
6728,EXC
6729,TIME
6730,TIME
6731,EXC
6732,TIME
6733,TIME
6734,EXC
6735,LIVE
6736,EXC
6737,EXC
6738,TIME
6739,TIME
6740,TIME
6741,EXC
6742,LIVE
6743,EXC
6744,EXC
6745,TIME
6746,TIME
6747,TIME
6748,EXC
6749,LIVE
6750,EXC
6751,EXC
6752,TIME
6753,EXC
6754,LIVE
6755,EXC
6756,EXC
6757,EXC
6758,LIVE
6759,EXC
6760,EXC
6761,EXC
6762,LIVE
6763,EXC
6764,EXC
6765,EXC
6766,LIVE
6767,EXC
6768,EXC
6769,EXC
6770,EXC
6771,EXC
6772,EXC
6773,EXC
6774,TIME
6775,TIME
6776,EXC
6777,TIME
6778,TIME
6779,EXC
6780,LIVE
6781,EXC
6782,EXC
6783,TIME
6784,EXC
6785,LIVE
6786,EXC
6787,FAIL
6788,FAIL
6789,LIVE
6790,EXC
6791,FAIL
6792,EXC
6793,EXC
6794,EXC
6795,EXC
6796,EXC
6797,TIME
6798,LIVE
6799,EXC
6800,TIME
6801,TIME
6802,EXC
6803,LIVE
6804,EXC
6805,EXC
6806,TIME
6807,TIME
6808,TIME
6809,EXC
6810,LIVE
6811,EXC
6812,EXC
6813,TIME
6814,EXC
6815,LIVE
6816,EXC
6817,FAIL
6818,EXC
6819,LIVE
6820,EXC
6821,EXC
6822,EXC
6823,LIVE
6824,EXC
6825,FAIL
6826,EXC
6827,EXC
6828,EXC
6829,EXC
6830,LIVE
6831,EXC
6832,EXC
6833,FAIL
6834,EXC
6835,LIVE
6836,EXC
6837,EXC
6838,EXC
6839,EXC
6840,EXC
6841,FAIL
6842,EXC
6843,FAIL
6844,EXC
6845,EXC
6846,EXC
6847,EXC
6848,EXC
6849,FAIL
6850,LIVE
6851,EXC
6852,EXC
6853,EXC
6854,EXC
6855,LIVE
6856,LIVE
6857,EXC
6858,LIVE
6859,LIVE
6860,LIVE
6861,EXC
6862,EXC
6863,LIVE
6864,EXC
6865,LIVE
6866,LIVE
6867,LIVE
6868,EXC
6869,EXC
6870,EXC
6871,EXC
6872,EXC
6873,EXC
6874,EXC
6875,EXC
6876,LIVE
6877,EXC
6878,EXC
6879,EXC
6880,LIVE
6881,EXC
6882,EXC
6883,EXC
6884,LIVE
6885,EXC
6886,EXC
6887,EXC
6888,EXC
6889,EXC
6890,EXC
6891,EXC
6892,EXC
6893,EXC
6894,EXC
6895,EXC
6896,EXC
6897,LIVE
6898,FAIL
6899,EXC
6900,EXC
6901,EXC
6902,EXC
6903,FAIL
6904,LIVE
6905,FAIL
6906,EXC
6907,EXC
6908,EXC
6909,EXC
6910,FAIL
6911,EXC
6912,EXC
6913,EXC
6914,FAIL
6915,EXC
6916,EXC
6917,EXC
6918,FAIL
6919,EXC
6920,TIME
6921,FAIL
6922,TIME
6923,FAIL
6924,LIVE
6925,LIVE
6926,LIVE
6927,LIVE
6928,FAIL
6929,TIME
6930,LIVE
6931,LIVE
6932,FAIL
6933,LIVE
6934,LIVE
6935,FAIL
6936,LIVE
6937,EXC
6938,FAIL
6939,EXC
6940,EXC
6941,FAIL
6942,FAIL
6959,EXC
6960,FAIL
6961,EXC
6962,EXC
6963,EXC
6964,FAIL
6965,EXC
6966,EXC
6967,EXC
6968,FAIL
6969,FAIL
6970,LIVE
6971,TIME
6972,FAIL
6973,TIME
6974,FAIL
6975,EXC
6976,FAIL
6977,EXC
6978,EXC
6979,FAIL
6980,FAIL
6981,FAIL
6982,EXC
6983,FAIL
6984,EXC
6985,FAIL
6986,EXC
6987,FAIL
6988,TIME
6989,EXC
6990,EXC
6991,EXC
6992,EXC
6993,LIVE
6994,FAIL
6995,EXC
7013,LIVE
7014,EXC
7015,LIVE
7016,EXC
7021,LIVE
7022,LIVE
7023,LIVE
7024,LIVE
7025,LIVE
7026,EXC
7027,FAIL
7028,FAIL
7029,EXC
7030,FAIL
7031,EXC
7032,LIVE
7033,FAIL
7034,FAIL
7035,EXC
7036,FAIL
7037,EXC
7038,FAIL
7039,LIVE
7040,LIVE
7042,LIVE
7043,LIVE
7044,FAIL
7045,LIVE
7046,FAIL
7047,FAIL
7048,LIVE
7049,FAIL
7050,FAIL
7051,LIVE
7052,LIVE
7053,FAIL
7054,LIVE
7055,FAIL
7056,FAIL
7057,LIVE
7058,LIVE
7059,LIVE
7060,LIVE
7061,LIVE
7062,LIVE
7063,EXC
7064,FAIL
7065,FAIL
7066,FAIL
